id	btype	title	author	year	journal	volume	number	pages	booktitle	publisher	school	doi	url
DBLP:journals/jacm/0005024	article	Parallel Acyclic Joins: Optimal Algorithms and Cyclicity Separation	Xiao Hu and Yufei Tao	2024	Journal of the ACM	71	1	6:1--6:44				10.1145/3633512	https://doi.org/10.1145/3633512
DBLP:journals/pacmmod/AgarwalHSY24	article	On Reporting Durable Patterns in Temporal Proximity Graphs	Pankaj K. Agarwal and Xiao Hu and Stavros Sintos and Jun Yang	2024	Proceedings of the ACM on Management of Data	2	2	81				10.1145/3651144	https://doi.org/10.1145/3651144
DBLP:journals/pacmmod/0005K24	article	Topology-Aware Parallel Joins	Xiao Hu and Paraschos Koutris	2024	Proceedings of the ACM on Management of Data	2	2	97				10.1145/3651598	https://doi.org/10.1145/3651598
DBLP:journals/pacmmod/Hu24	article	Fast Matrix Multiplication for Query Processing	Xiao Hu	2024	Proceedings of the ACM on Management of Data	2	2	98				10.1145/3651599	https://doi.org/10.1145/3651599
DBLP:journals/pacmmod/Dai0024	article	Reservoir Sampling Over Joins	Binyang Dai and Xiao Hu and Ke Yi	2024	Proceedings of the ACM on Management of Data	2	3	118				10.1145/3654921	https://doi.org/10.1145/3654921
DBLP:conf/icdt/0005S24	inproceedings	Finding Smallest Witnesses for Conjunctive Queries	Xiao Hu and Stavros Sintos	2024					International Conference on Database Theory (ICDT)			10.4230/LIPICS.ICDT.2024.24	https://doi.org/10.4230/LIPIcs.ICDT.2024.24
DBLP:journals/corr/abs-2403-16312	article	On Reporting Durable Patterns in Temporal Proximity Graphs	Pankaj K. Agarwal and Xiao Hu and Stavros Sintos and Jun Yang	2024	ArXiv	abs/2403.16312						10.48550/ARXIV.2403.16312	https://doi.org/10.48550/arXiv.2403.16312
DBLP:journals/corr/abs-2404-03194	article	Reservoir Sampling Over Joins	Binyang Dai and Xiao Hu and Ke Yi	2024	ArXiv	abs/2404.03194						10.48550/ARXIV.2404.03194	https://doi.org/10.48550/arXiv.2404.03194
DBLP:journals/pacmmod/0005023	article	Computing the Difference of Conjunctive Queries Efficiently	Xiao Hu and Qichen Wang	2023	Proceedings of the ACM on Management of Data	1	2	153:1--153:26				10.1145/3589298	https://doi.org/10.1145/3589298
DBLP:journals/pacmmod/ZhuHA23	article	NOCAP: Near-Optimal Correlation-Aware Partitioning Joins	Zichen Zhu and Xiao Hu and Manos Athanassoulis	2023	Proceedings of the ACM on Management of Data	1	4	252:1--252:27				10.1145/3626739	https://doi.org/10.1145/3626739
DBLP:journals/pvldb/WangHDY23	article	Change Propagation Without Joins	Qichen Wang and Xiao Hu and Binyang Dai and Ke Yi	2023	Proceedings of the VLDB Endowment (PVLDB)	16	5	1046--1058				10.14778/3579075.3579080	https://www.vldb.org/pvldb/vol16/p1046-hu.pdf
DBLP:journals/pvldb/Koutrika023f	article	Front Matter	Georgia Koutrika and Jun Yang and Manos Athanassoulis and Kostas Stefanidis and Ju Fan and Abdul Quamar and Yuanyan Tian and Alekh Jindal and Carsten Binnig and Jennie Rogers and Senjuti Basu Roy and Steven Euijong Whang and Matthias Boehm and Aaron J. Elmore and Vasilis Efthymiou and Xiao Hu and Xiaofang Zhou and Alan D. Fekete	2023	Proceedings of the VLDB Endowment (PVLDB)	16	12						https://www.vldb.org/pvldb/vol16/FrontMatterVol16No12.pdf
DBLP:conf/nips/Ghazi00M23	inproceedings	On Differentially Private Sampling From Gaussian and Product Distributions	Badih Ghazi and Xiao Hu and Ravi Kumar and Pasin Manurangsi	2023					Conference on Neural Information Processing Systems (NeurIPS)				http://papers.nips.cc/paper_files/paper/2023/hash/f4eaa4b8f2d08edb3f0af990d56134ea-Abstract-Conference.html
DBLP:conf/pods/GhaziH0M23	inproceedings	Differentially Private Data Release Over Multiple Tables	Badih Ghazi and Xiao Hu and Ravi Kumar and Pasin Manurangsi	2023					ACM Symposium on Principles of Database Systems (PODS)			10.1145/3584372.3588665	https://doi.org/10.1145/3584372.3588665
DBLP:conf/wads/DeepHK23	inproceedings	General Space-Time Tradeoffs via Relational Queries	Shaleen Deep and Xiao Hu and Paraschos Koutris	2023					International Symposium on Algorithms and Data Structures (WADS)			10.1007/978-3-031-38906-1_21	https://doi.org/10.1007/978-3-031-38906-1_21
DBLP:journals/corr/abs-2301-04003	article	Change Propagation Without Joins	Qichen Wang and Xiao Hu and Binyang Dai and Ke Yi	2023	ArXiv	abs/2301.04003						10.48550/ARXIV.2301.04003	https://doi.org/10.48550/arXiv.2301.04003
DBLP:journals/corr/abs-2302-13140	article	Computing the Difference of Conjunctive Queries Efficiently	Xiao Hu and Qichen Wang	2023	ArXiv	abs/2302.13140						10.48550/ARXIV.2302.13140	https://doi.org/10.48550/arXiv.2302.13140
DBLP:journals/corr/abs-2306-12549	article	On Differentially Private Sampling From Gaussian and Product Distributions	Badih Ghazi and Xiao Hu and Ravi Kumar and Pasin Manurangsi	2023	ArXiv	abs/2306.12549						10.48550/ARXIV.2306.12549	https://doi.org/10.48550/arXiv.2306.12549
DBLP:journals/corr/abs-2306-15201	article	Differentially Private Data Release Over Multiple Tables	Badih Ghazi and Xiao Hu and Ravi Kumar and Pasin Manurangsi	2023	ArXiv	abs/2306.15201						10.48550/ARXIV.2306.15201	https://doi.org/10.48550/arXiv.2306.15201
DBLP:journals/corr/abs-2310-03098	article	NOCAP: Near-Optimal Correlation-Aware Partitioning Joins	Zichen Zhu and Xiao Hu and Manos Athanassoulis	2023	ArXiv	abs/2310.03098						10.48550/ARXIV.2310.03098	https://doi.org/10.48550/arXiv.2310.03098
DBLP:journals/corr/abs-2311-18157	article	Finding Smallest Witnesses for Conjunctive Queries	Xiao Hu and Stavros Sintos	2023	ArXiv	abs/2311.18157						10.48550/ARXIV.2311.18157	https://doi.org/10.48550/arXiv.2311.18157
DBLP:journals/pvldb/DeepHK22	article	Ranked Enumeration of Join Queries With Projections	Shaleen Deep and Xiao Hu and Paraschos Koutris	2022	Proceedings of the VLDB Endowment (PVLDB)	15	5	1024--1037				10.14778/3510397.3510401	https://www.vldb.org/pvldb/vol15/p1024-deep.pdf
DBLP:conf/sigmod/HuLXAPRY22	inproceedings	Selectivity Functions of Range Queries Are Learnable	Xiao Hu and Yuxi Liu and Haibo Xiu and Pankaj K. Agarwal and Debmalya Panigrahi and Sudeepa Roy and Jun Yang	2022					ACM International Conference on Management of Data (SIGMOD)			10.1145/3514221.3517896	https://doi.org/10.1145/3514221.3517896
DBLP:conf/sigmod/HuSGAY22	inproceedings	Computing Complex Temporal Join Queries Efficiently	Xiao Hu and Stavros Sintos and Junyang Gao and Pankaj K. Agarwal and Jun Yang	2022					ACM International Conference on Management of Data (SIGMOD)			10.1145/3514221.3517893	https://doi.org/10.1145/3514221.3517893
DBLP:journals/corr/abs-2201-05566	article	Ranked Enumeration of Join Queries With Projections	Shaleen Deep and Xiao Hu and Paraschos Koutris	2022	ArXiv	abs/2201.05566							https://arxiv.org/abs/2201.05566
DBLP:conf/icalp/AgarwalHS021	inproceedings	Dynamic Enumeration of Similarity Joins	Pankaj K. Agarwal and Xiao Hu and Stavros Sintos and Jun Yang	2021					International Colloquium on Automata, Languages and Programming (ICALP)			10.4230/LIPICS.ICALP.2021.11	https://doi.org/10.4230/LIPIcs.ICALP.2021.11
DBLP:conf/icdt/DeepHK21	inproceedings	Enumeration Algorithms for Conjunctive Queries With Projection	Shaleen Deep and Xiao Hu and Paraschos Koutris	2021					International Conference on Database Theory (ICDT)			10.4230/LIPICS.ICDT.2021.14	https://doi.org/10.4230/LIPIcs.ICDT.2021.14
DBLP:conf/pods/Hu21	inproceedings	Cover or Pack: New Upper and Lower Bounds for Massively Parallel Joins	Xiao Hu	2021					ACM Symposium on Principles of Database Systems (PODS)			10.1145/3452021.3458319	https://doi.org/10.1145/3452021.3458319
DBLP:conf/pods/HuKB21	inproceedings	Algorithms for a Topology-Aware Massively Parallel Computation Model	Xiao Hu and Paraschos Koutris and Spyros Blanas	2021					ACM Symposium on Principles of Database Systems (PODS)			10.1145/3452021.3458318	https://doi.org/10.1145/3452021.3458318
DBLP:journals/corr/abs-2101-03712	article	Enumeration Algorithms for Conjunctive Queries With Projection	Shaleen Deep and Xiao Hu and Paraschos Koutris	2021	ArXiv	abs/2101.03712							https://arxiv.org/abs/2101.03712
DBLP:journals/corr/abs-2105-01818	article	Dynamic Enumeration of Similarity Joins	Pankaj K. Agarwal and Xiao Hu and Stavros Sintos and Jun Yang	2021	ArXiv	abs/2105.01818							https://arxiv.org/abs/2105.01818
DBLP:journals/corr/abs-2109-10889	article	Space-Time Tradeoffs for Answering Boolean Conjunctive Queries	Shaleen Deep and Xiao Hu and Paraschos Koutris	2021	ArXiv	abs/2109.10889							https://arxiv.org/abs/2109.10889
DBLP:journals/pvldb/HuSPPR20	article	Aggregated Deletion Propagation for Counting Conjunctive Query Answers	Xiao Hu and Shouzhuo Sun and Shweta Patwa and Debmalya Panigrahi and Sudeepa Roy	2020	Proceedings of the VLDB Endowment (PVLDB)	14	2	228--240				10.14778/3425879.3425892	http://www.vldb.org/pvldb/vol14/p228-hu.pdf
DBLP:journals/sigmod/HuY20	article	Massively Parallel Join Algorithms	Xiao Hu and Ke Yi	2020	SIGMOD Record	49	3	6--17				10.1145/3444831.3444833	https://doi.org/10.1145/3444831.3444833
DBLP:conf/pods/Hu020	inproceedings	Parallel Algorithms for Sparse Matrix Multiplication and Join-Aggregate Queries	Xiao Hu and Ke Yi	2020					ACM Symposium on Principles of Database Systems (PODS)			10.1145/3375395.3387657	https://doi.org/10.1145/3375395.3387657
DBLP:conf/sigmod/DeepHK20	inproceedings	Fast Join Project Query Evaluation Using Matrix Multiplication	Shaleen Deep and Xiao Hu and Paraschos Koutris	2020					ACM International Conference on Management of Data (SIGMOD)			10.1145/3318464.3380607	https://doi.org/10.1145/3318464.3380607
DBLP:journals/corr/abs-2002-12459	article	Fast Join Project Query Evaluation Using Matrix Multiplication	Shaleen Deep and Xiao Hu and Paraschos Koutris	2020	ArXiv	abs/2002.12459							https://arxiv.org/abs/2002.12459
DBLP:journals/corr/abs-2009-11463	article	Algorithms for a Topology-Aware Massively Parallel Computation Model	Xiao Hu and Paraschos Koutris and Spyros Blanas	2020	ArXiv	abs/2009.11463							https://arxiv.org/abs/2009.11463
DBLP:journals/corr/abs-2010-08694	article	Aggregated Deletion Propagation for Counting Conjunctive Query Answers	Xiao Hu and Shouzhuo Sun and Shweta Patwa and Debmalya Panigrahi and Sudeepa Roy	2020	ArXiv	abs/2010.08694							https://arxiv.org/abs/2010.08694
DBLP:journals/tods/HuYT19	article	Output-Optimal Massively Parallel Algorithms for Similarity Joins	Xiao Hu and Ke Yi and Yufei Tao	2019	ACM Transactions on Database Systems (TODS)	44	2	6:1--6:36				10.1145/3311967	https://doi.org/10.1145/3311967
DBLP:conf/pods/Hu019	inproceedings	Instance and Output Optimal Parallel Algorithms for Acyclic Joins	Xiao Hu and Ke Yi	2019					ACM Symposium on Principles of Database Systems (PODS)			10.1145/3294052.3319698	https://doi.org/10.1145/3294052.3319698
DBLP:journals/corr/abs-1903-09717	article	Instance and Output Optimal Parallel Algorithms for Acyclic Joins	Xiao Hu and Ke Yi	2019	ArXiv	abs/1903.09717							http://arxiv.org/abs/1903.09717
DBLP:conf/sigmod/ZhaoC0HY18	inproceedings	Random Sampling Over Joins Revisited	Zhuoyue Zhao and Robert Christensen and Feifei Li and Xiao Hu and Ke Yi	2018					ACM International Conference on Management of Data (SIGMOD)			10.1145/3183713.3183739	https://doi.org/10.1145/3183713.3183739
DBLP:conf/pods/HuTY17	inproceedings	Output-Optimal Parallel Algorithms for Similarity Joins	Xiao Hu and Yufei Tao and Ke Yi	2017					ACM Symposium on Principles of Database Systems (PODS)			10.1145/3034786.3056110	https://doi.org/10.1145/3034786.3056110
DBLP:conf/pods/HuY16	inproceedings	Towards a Worst-Case I/O-Optimal Algorithm for Acyclic Joins	Xiao Hu and Ke Yi	2016					ACM Symposium on Principles of Database Systems (PODS)			10.1145/2902251.2902292	https://doi.org/10.1145/2902251.2902292
DBLP:journals/sigmod/AmerYahiaAABBCCCCCAFFIK24	article	Diversity, Equity and Inclusion Activities in Database Conferences: A 2023 Report	Sihem Amer-Yahia and Divyakant Agrawal and Yael Amsterdamer and Sourav S. Bhowmick and Renata Borovica-Gajic and Jesús Camacho-Rodríguez and Jinli Cao and Barbara Catania and Panos K. Chrysanthis and Carlo Curino and Amr El Abbadi and Avrilia Floratou and Juliana Freire and Stratos Idreos and Vana Kalogeraki and Sujaya Maiyya and Alexandra Meliou and Madhulika Mohanty and Fatma Özcan and Liat Peterfreund and Soror Sahri and Sana Sellami and Roee Shraga and Utku Sirin and Wang-Chiew Tan and Bhavani Thuraisingham and Yuanyuan Tian and Genoveva Vargas-Solar and Meihui Zhang and Wenjie Zhang	2024	SIGMOD Record	53	2	63--67				10.1145/3685980.3685996	https://doi.org/10.1145/3685980.3685996
DBLP:conf/edbt/MaiyyaSDDAAA24	inproceedings	ORTOA: A Family of One Round Trip Protocols for Operation-Type Obliviousness	Sujaya Maiyya and Yuval Steinhart and Adrian Davila and Jason Du and Divyakant Agrawal and Prabhanjan Ananth and Amr El Abbadi	2024					International Conference on Extending Database Technology (EDBT)			10.48786/EDBT.2024.46	https://doi.org/10.48786/edbt.2024.46
DBLP:journals/pacmmod/MaiyyaVAAK23	article	Waffle: An Online Oblivious Datastore for Protecting Data Access Patterns	Sujaya Maiyya and Sharath Chandra Vemula and Divyakant Agrawal and Amr El Abbadi and Florian Kerschbaum	2023	Proceedings of the ACM on Management of Data	1	4	266:1--266:25				10.1145/3626760	https://doi.org/10.1145/3626760
DBLP:journals/sigmod/AmerYahiaAABBBCCCCDDAFFJKMMMOOPR23	article	Diversity, Equity and Inclusion Activities in Database Conferences: A 2022 Report	Sihem Amer-Yahia and Divyakant Agrawal and Yael Amsterdamer and Sourav S. Bhowmick and Angela Bonifati and Renata Borovica-Gajic and Jesús Camacho-Rodríguez and Barbara Catania and Panos K. Chrysanthis and Carlo Curino and Jérôme Darmont and Gillian Dobbie and Amr El Abbadi and Avrilia Floratou and Juliana Freire and Alekh Jindal and Vana Kalogeraki and Sujaya Maiyya and Alexandra Meliou and Madhulika Mohanty and Behrooz Omidvar-Tehrani and Fatma Özcan and Liat Peterfreund and Wenny Rahayu and Shazia Sadiq and Sana Sellami and Utku Sirin and Wang-Chiew Tan and Bhavani Thuraisingham and Yuanyuan Tian and Pinar Tözün and Genoveva Vargas-Solar and Neeraja J. Yadwadkar and Victor Zakhary and Meihui Zhang	2023	SIGMOD Record	52	2	38--42				10.1145/3615952.3615964	https://doi.org/10.1145/3615952.3615964
DBLP:conf/icde/AmiriSMAA23	inproceedings	Ziziphus: Scalable Data Management Across Byzantine Edge Servers	Mohammad Javad Amiri and Daniel Shu and Sujaya Maiyya and Divyakant Agrawal and Amr El Abbadi	2023					IEEE International Conference on Data Engineering (ICDE)			10.1109/ICDE55515.2023.00044	https://doi.org/10.1109/ICDE55515.2023.00044
DBLP:journals/iacr/MaiyyaVAAK23	article	Waffle: An Online Oblivious Datastore for Protecting Data Access Patterns	Sujaya Maiyya and Sharath Chandra Vemula and Divyakant Agrawal and Amr El Abbadi and Florian Kerschbaum	2023	IACR Cryptology ePrint Archive			1285					https://eprint.iacr.org/2023/1285
DBLP:phd/us/Maiyya22	phdthesis	Enhancing the Performance, Fault Tolerance, and Security of Distributed Data Management Systems	Sujaya Maiyya	2022							University of California, Santa Barbara, USA		https://www.escholarship.org/uc/item/4zx2m54f
DBLP:journals/sigmod/Amer-YahiaABBBB22	article	Diversity and Inclusion Activities in Database Conferences: A 2021 Report	Sihem Amer-Yahia and Yael Amsterdamer and Sourav S. Bhowmick and Angela Bonifati and Philippe Bonnet and Renata Borovica-Gajic and Barbara Catania and Tania Cerquitelli and Silvia Chiusano and Panos K. Chrysanthis and Carlo Curino and Jérôme Darmont and Amr El Abbadi and Avrilia Floratou and Juliana Freire and Alekh Jindal and Vana Kalogeraki and Georgia Koutrika and Arun Kumar and Sujaya Maiyya and Alexandra Meliou and Madhulika Mohanty and Felix Naumann and Nele Sina Noack and Fatma Özcan and Liat Peterfreund and Wenny Rahayu and Wang-Chiew Tan and Yuanyuan Tian and Pinar Tözün and Genoveva Vargas-Solar and Neeraja J. Yadwadkar and Meihui Zhang	2022	SIGMOD Record	51	2	69--73				10.1145/3552490.3552510	https://doi.org/10.1145/3552490.3552510
DBLP:conf/uss/MaiyyaISAALTZ22	inproceedings	QuORAM: A Quorum-Replicated Fault Tolerant ORAM Datastore	Sujaya Maiyya and Seif Ibrahim and Caitlin Scarberry and Divyakant Agrawal and Amr El Abbadi and Huijia Lin and Stefano Tessaro and Victor Zakhary	2022					USENIX Security Symposium				https://www.usenix.org/conference/usenixsecurity22/presentation/maiyya
DBLP:journals/iacr/MaiyyaISAALTZ22	article	QuORAM: A Quorum-Replicated Fault Tolerant ORAM Datastore	Sujaya Maiyya and Seif Ibrahim and Caitlin Scarberry and Divyakant Agrawal and Amr El Abbadi and Huijia Lin and Stefano Tessaro and Victor Zakhary	2022	IACR Cryptology ePrint Archive			691					https://eprint.iacr.org/2022/691
DBLP:journals/iacr/MaiyyaSAAA22	article	ORTOA: One Round Trip Oblivious Access	Sujaya Maiyya and Yuval Steinhart and Divyakant Agrawal and Prabhanjan Ananth and Amr El Abbadi	2022	IACR Cryptology ePrint Archive			1506					https://eprint.iacr.org/2022/1506
DBLP:journals/pvldb/MaiyyaNAA21	article	Errata for "Unifying Consensus and Atomic Commitment for Effective Cloud Data Management"	Sujaya Maiyya and Faisal Nawab and Divy Agrawal and Amr El Abbadi	2021	Proceedings of the VLDB Endowment (PVLDB)	14	7	1166				10.14778/3450980.3450985	http://www.vldb.org/pvldb/vol14/p1166-maiyya.pdf
DBLP:journals/pvldb/ZhaoMWAA21	article	KLL: Approximate Quantile Sketches Over Dynamic Datasets	Fuheng Zhao and Sujaya Maiyya and Ryan Weiner and Divy Agrawal and Amr El Abbadi	2021	Proceedings of the VLDB Endowment (PVLDB)	14	7	1215--1227				10.14778/3450980.3450990	http://www.vldb.org/pvldb/vol14/p1215-zhao.pdf
DBLP:conf/icde/MaiyyaAAA21	inproceedings	Samya: A Geo-Distributed Data System for High Contention Aggregate Data	Sujaya Maiyya and Ishtiyaque Ahmad and Divyakant Agrawal and Amr El Abbadi	2021					IEEE International Conference on Data Engineering (ICDE)			10.1109/ICDE51399.2021.00128	https://doi.org/10.1109/ICDE51399.2021.00128
DBLP:conf/adbis/AgrawalAAMZ20	inproceedings	Blockchains and Databases: Opportunities and Challenges for the Permissioned And the Permissionless	Divyakant Agrawal and Amr El Abbadi and Mohammad Javad Amiri and Sujaya Maiyya and Victor Zakhary	2020					Symposium on Advances in Databases and Information Systems (ADBIS)			10.1007/978-3-030-54832-2_1	https://doi.org/10.1007/978-3-030-54832-2_1
DBLP:conf/icdcs/MaiyyaCAA20	inproceedings	Fides: Managing Data on Untrusted Infrastructure	Sujaya Maiyya and Danny Hyun Bum Cho and Divyakant Agrawal and Amr El Abbadi	2020					IEEE International Conference on Distributed Computing Systems (ICDCS)			10.1109/ICDCS47774.2020.00053	https://doi.org/10.1109/ICDCS47774.2020.00053
DBLP:conf/icde/AmiriMAA20	inproceedings	SeeMoRe: A Fault-Tolerant Protocol for Hybrid Cloud Environments	Mohammad Javad Amiri and Sujaya Maiyya and Divyakant Agrawal and Amr El Abbadi	2020					IEEE International Conference on Data Engineering (ICDE)			10.1109/ICDE48307.2020.00120	https://doi.org/10.1109/ICDE48307.2020.00120
DBLP:journals/corr/abs-2001-06933	article	Fides: Managing Data on Untrusted Infrastructure	Sujaya Maiyya and Danny Hyun Bum Cho and Divyakant Agrawal and Amr El Abbadi	2020	ArXiv	abs/2001.06933							https://arxiv.org/abs/2001.06933
DBLP:journals/pvldb/MaiyyaNAA19	article	Unifying Consensus and Atomic Commitment for Effective Cloud Data Management	Sujaya Maiyya and Faisal Nawab and Divy Agrawal and Amr El Abbadi	2019	Proceedings of the VLDB Endowment (PVLDB)	12	5	611--623				10.14778/3303753.3303765	http://www.vldb.org/pvldb/vol12/p611-maiyya.pdf
DBLP:conf/sigmod/MaiyyaZAAA19	inproceedings	Database and Distributed Computing Foundations of Blockchains	Sujaya Maiyya and Victor Zakhary and Mohammad Javad Amiri and Divyakant Agrawal and Amr El Abbadi	2019					ACM International Conference on Management of Data (SIGMOD)			10.1145/3299869.3314030	https://doi.org/10.1145/3299869.3314030
DBLP:journals/corr/abs-1905-09359	article	Towards Global Asset Management in Blockchain Systems	Victor Zakhary and Mohammad Javad Amiri and Sujaya Maiyya and Divyakant Agrawal and Amr El Abbadi	2019	ArXiv	abs/1905.09359							http://arxiv.org/abs/1905.09359
DBLP:journals/corr/abs-1906-07850	article	SeeMoRe: A Fault-Tolerant Protocol for Hybrid Cloud Environments	Mohammad Javad Amiri and Sujaya Maiyya and Divyakant Agrawal and Amr El Abbadi	2019	ArXiv	abs/1906.07850							http://arxiv.org/abs/1906.07850
DBLP:journals/pvldb/MaiyyaZAA18	article	Database and Distributed Computing Fundamentals for Scalable, Fault-Tolerant, And Consistent Maintenance of Blockchains	Sujaya Maiyya and Victor Zakhary and Divy Agrawal and Amr El Abbadi	2018	Proceedings of the VLDB Endowment (PVLDB)	11	12	2098--2101				10.14778/3229863.3229877	http://www.vldb.org/pvldb/vol11/p2098-maiyya.pdf
DBLP:conf/IEEEcloud/AroraBMAAXZZ18	inproceedings	Dynamic Timestamp Allocation for Reducing Transaction Aborts	Vaibhav Arora and Ravi Kumar Suresh Babu and Sujaya Maiyya and Divyakant Agrawal and Amr El Abbadi and Xun Xue and Yanan Zhi and Jianfeng Zhu	2018					IEEE International Conference on Cloud Computing (CLOUD)			10.1109/CLOUD.2018.00041	https://doi.org/10.1109/CLOUD.2018.00041
DBLP:conf/edbt/GlavicMMPSV24	inproceedings	Similarity Measures for Incomplete Database Instances	Boris Glavic and Giansalvatore Mecca and Renée Miller and Paolo Papotti and Donatello Santoro and Enzo Veltri	2024					International Conference on Extending Database Technology (EDBT)			10.48786/EDBT.2024.40	https://doi.org/10.48786/edbt.2024.40
DBLP:conf/icde/FanSM24	inproceedings	Gen-T: Table Reclamation in Data Lakes	Grace Fan and Roee Shraga and Renée Miller	2024					IEEE International Conference on Data Engineering (ICDE)			10.1109/ICDE60146.2024.00272	https://doi.org/10.1109/ICDE60146.2024.00272
DBLP:conf/sebd/GlavicMMPSV24	inproceedings	Comparing Incomplete Database Instances	Boris Glavic and Giansalvatore Mecca and Renée Miller and Paolo Papotti and Donatello Santoro and Enzo Veltri	2024					Sistemi Evoluti per Basi di Dati (SEBD)				https://ceur-ws.org/Vol-3741/paper51.pdf
DBLP:conf/sigir/LeventidisCLRHM24	inproceedings	A Large Scale Test Corpus for Semantic Table Search	Aristotelis Leventidis and Martin Pekár Christensen and Matteo Lissandrini and Laura Di Rocco and Katja Hose and Renée Miller	2024					International Conference on Research and Development in Information Retrieval (SIGIR)			10.1145/3626772.3657877	https://doi.org/10.1145/3626772.3657877
DBLP:journals/corr/abs-2403-02327	article	Model Lakes	Koyena Pal and David Bau and Renée Miller	2024	ArXiv	abs/2403.02327						10.48550/ARXIV.2403.02327	https://doi.org/10.48550/arXiv.2403.02327
DBLP:journals/corr/abs-2403-14128	article	Gen-T: Table Reclamation in Data Lakes	Grace Fan and Roee Shraga and Renée Miller	2024	ArXiv	abs/2403.14128						10.48550/ARXIV.2403.14128	https://doi.org/10.48550/arXiv.2403.14128
DBLP:journals/pacmmod/KhatiwadaFSCGMR23	article	SANTOS: Relationship-Based Semantic Table Union Search	Aamod Khatiwada and Grace Fan and Roee Shraga and Zixuan Chen and Wolfgang Gatterbauer and Renée Miller and Mirek Riedewald	2023	Proceedings of the ACM on Management of Data	1	1	9:1--9:25				10.1145/3588689	https://doi.org/10.1145/3588689
DBLP:journals/pvldb/ShragaM23	article	Explaining Dataset Changes for Semantic Data Versioning With Explain-Da-V	Roee Shraga and Renée Miller	2023	Proceedings of the VLDB Endowment (PVLDB)	16	6	1587--1600				10.14778/3583140.3583169	https://www.vldb.org/pvldb/vol16/p1587-shraga.pdf
DBLP:journals/pvldb/FanWLZM23	article	Semantics-Aware Dataset Discovery From Data Lakes With Contextualized Column-Based Representation Learning	Grace Fan and Jin Wang and Yuliang Li and Dan Zhang and Renée Miller	2023	Proceedings of the VLDB Endowment (PVLDB)	16	7	1726--1739				10.14778/3587136.3587146	https://www.vldb.org/pvldb/vol16/p1726-fan.pdf
DBLP:journals/tkde/NargesianPBZM23	article	Data Lake Organization	Fatemeh Nargesian and Ken Q. Pu and Bahar Ghadiri Bashardoost and Erkang Zhu and Renée Miller	2023	IEEE Transactions on Knowledge and Data Engineering (TKDE)	35	1	237--250				10.1109/TKDE.2021.3091101	https://doi.org/10.1109/TKDE.2021.3091101
DBLP:journals/tods/LeventidisRGMR23	article	DomainNet: Homograph Detection and Understanding in Data Lake Disambiguation	Aristotelis Leventidis and Laura Di Rocco and Wolfgang Gatterbauer and Renée Miller and Mirek Riedewald	2023	ACM Transactions on Database Systems (TODS)	48	3	9:1--9:40				10.1145/3612919	https://doi.org/10.1145/3612919
DBLP:conf/sigmod/Fan00M23	inproceedings	Table Discovery in Data Lakes: State-of-the-Art and Future Directions	Grace Fan and Jin Wang and Yuliang Li and Renée Miller	2023					ACM International Conference on Management of Data (SIGMOD)			10.1145/3555041.3589409	https://doi.org/10.1145/3555041.3589409
DBLP:conf/sigmod/KhatiwadaSM23	inproceedings	DIALITE: Discover, Align and Integrate Open Data Tables	Aamod Khatiwada and Roee Shraga and Renée Miller	2023					ACM International Conference on Management of Data (SIGMOD)			10.1145/3555041.3589732	https://doi.org/10.1145/3555041.3589732
DBLP:journals/corr/abs-2301-13095	article	Explaining Dataset Changes for Semantic Data Versioning With Explain-Da-V (Technical Report)	Roee Shraga and Renée Miller	2023	ArXiv	abs/2301.13095						10.48550/ARXIV.2301.13095	https://doi.org/10.48550/arXiv.2301.13095
DBLP:journals/corr/abs-2304-08285	article	DIALITE: Discover, Align and Integrate Open Data Tables	Aamod Khatiwada and Roee Shraga and Renée Miller	2023	ArXiv	abs/2304.08285						10.48550/ARXIV.2304.08285	https://doi.org/10.48550/arXiv.2304.08285
DBLP:journals/corr/abs-2308-03883	article	Generative Benchmark Creation for Table Union Search	Koyena Pal and Aamod Khatiwada and Roee Shraga and Renée Miller	2023	ArXiv	abs/2308.03883						10.48550/ARXIV.2308.03883	https://doi.org/10.48550/arXiv.2308.03883
DBLP:journals/corr/abs-2310-02656	article	Blend: A Unified Data Discovery System	Mahdi Esmailoghli and Christoph Schnell and Renée Miller and Ziawasch Abedjan	2023	ArXiv	abs/2310.02656						10.48550/ARXIV.2310.02656	https://doi.org/10.48550/arXiv.2310.02656
DBLP:journals/pvldb/KhatiwadaSGM22	article	Integrating Data Lake Tables	Aamod Khatiwada and Roee Shraga and Wolfgang Gatterbauer and Renée Miller	2022	Proceedings of the VLDB Endowment (PVLDB)	16	4	932--945				10.14778/3574245.3574274	https://www.vldb.org/pvldb/vol16/p932-khatiwada.pdf
DBLP:journals/corr/abs-2209-13589	article	SANTOS: Relationship-Based Semantic Table Union Search	Aamod Khatiwada and Grace Fan and Roee Shraga and Zixuan Chen and Wolfgang Gatterbauer and Renée Miller and Mirek Riedewald	2022	ArXiv	abs/2209.13589						10.48550/ARXIV.2209.13589	https://doi.org/10.48550/arXiv.2209.13589
DBLP:journals/corr/abs-2210-01922	article	Semantics-Aware Dataset Discovery From Data Lakes With Contextualized Column-Based Representation Learning	Grace Fan and Jin Wang and Yuliang Li and Dan Zhang and Renée Miller	2022	ArXiv	abs/2210.01922						10.48550/ARXIV.2210.01922	https://doi.org/10.48550/arXiv.2210.01922
DBLP:journals/pvldb/OuelletteSNBZPM21	article	RONIN: Data Lake Exploration	Paul Ouellette and Aidan Sciortino and Fatemeh Nargesian and Bahar Ghadiri Bashardoost and Erkang Zhu and Ken Q. Pu and Renée Miller	2021	Proceedings of the VLDB Endowment (PVLDB)	14	12	2863--2866				10.14778/3476311.3476364	http://www.vldb.org/pvldb/vol14/p2863-nargesian.pdf
DBLP:conf/edbt/LeventidisRMRG21	inproceedings	DomainNet: Homograph Detection for Data Lake Disambiguation	Aristotelis Leventidis and Laura Di Rocco and Wolfgang Gatterbauer and Renée Miller and Mirek Riedewald	2021					International Conference on Extending Database Technology (EDBT)			10.5441/002/EDBT.2021.03	https://doi.org/10.5441/002/edbt.2021.03
DBLP:conf/sofsem/BashardoostLM21	inproceedings	Towards Knowledge Exchange: State-of-the-Art and Open Problems	Bahar Ghadiri Bashardoost and Kelly A. Lyons and Renée Miller	2021					Conference on Current Trends in Theory and Practice of Computer Science (SOFSEM)			10.1007/978-3-030-67731-2_2	https://doi.org/10.1007/978-3-030-67731-2_2
DBLP:journals/corr/abs-2103-09940	article	DomainNet: Homograph Detection for Data Lake Disambiguation	Aristotelis Leventidis and Laura Di Rocco and Wolfgang Gatterbauer and Renée Miller and Mirek Riedewald	2021	ArXiv	abs/2103.09940							https://arxiv.org/abs/2103.09940
DBLP:journals/pvldb/BashardoostMLN20	article	Knowledge Translation	Bahar Ghadiri Bashardoost and Renée Miller and Kelly A. Lyons and Fatemeh Nargesian	2020	Proceedings of the VLDB Endowment (PVLDB)	13	11	2018--2032					http://www.vldb.org/pvldb/vol13/p2018-bashardoost.pdf
DBLP:journals/pvldb/Christodoulakis20	article	Pytheas: Pattern-Based Table Discovery in CSV Files	Christina Christodoulakis and Eric B. Munson and Moshe Gabel and Angela Demke Brown and Renée Miller	2020	Proceedings of the VLDB Endowment (PVLDB)	13	11	2075--2089					http://www.vldb.org/pvldb/vol13/p2075-christodoulakis.pdf
DBLP:conf/sigmod/NargesianPZBM20	inproceedings	Organizing Data Lakes for Navigation	Fatemeh Nargesian and Ken Q. Pu and Erkang Zhu and Bahar Ghadiri Bashardoost and Renée Miller	2020					ACM International Conference on Management of Data (SIGMOD)			10.1145/3318464.3380605	https://doi.org/10.1145/3318464.3380605
DBLP:journals/corr/abs-2008-01208	article	Knowledge Translation: Extended Technical Report	Bahar Ghadiri Bashardoost and Renée Miller and Kelly A. Lyons and Fatemeh Nargesian	2020	ArXiv	abs/2008.01208							https://arxiv.org/abs/2008.01208
DBLP:journals/pvldb/ChoiZBM19	article	VISE: Vehicle Image Search Engine With Traffic Camera	Hyewon Choi and Erkang Zhu and Arsala Bangash and Renée Miller	2019	Proceedings of the VLDB Endowment (PVLDB)	12	12	1842--1845				10.14778/3352063.3352080	http://www.vldb.org/pvldb/vol12/p1842-choi.pdf
DBLP:journals/pvldb/NargesianZMPA19	article	Data Lake Management: Challenges and Opportunities	Fatemeh Nargesian and Erkang Zhu and Renée Miller and Ken Q. Pu and Patricia C. Arocena	2019	Proceedings of the VLDB Endowment (PVLDB)	12	12	1986--1989				10.14778/3352063.3352116	http://www.vldb.org/pvldb/vol12/p1986-nargesian.pdf
DBLP:journals/tkde/KimmigMMG19	article	A Collective, Probabilistic Approach to Schema Mapping Using Diverse Noisy Evidence	Angelika Kimmig and Alex Memory and Renée Miller and Lise Getoor	2019	IEEE Transactions on Knowledge and Data Engineering (TKDE)	31	8	1426--1439				10.1109/TKDE.2018.2865785	https://doi.org/10.1109/TKDE.2018.2865785
DBLP:journals/vldb/Amer-Yahia0M19	article	Thematic Issue on Data Management for Graphs	Sihem Amer-Yahia and Lei Chen and Renée Miller	2019	The VLDB Journal	28	3	293--294				10.1007/S00778-019-00543-2	https://doi.org/10.1007/s00778-019-00543-2
DBLP:conf/kdd/BashardoostML19	inproceedings	Towards a Benchmark for Knowledge Base Exchange	Bahar Ghadiri Bashardoost and Renée Miller and Kelly A. Lyons	2019					ACM SIGKDD Conference on Knowledge Discovery and Data Mining (KDD)				https://ceur-ws.org/Vol-2512/paper5.pdf
DBLP:conf/sigmod/ZhuDNM19	inproceedings	JOSIE: Overlap Set Similarity Search for Finding Joinable Tables In Data Lakes	Erkang Zhu and Dong Deng and Fatemeh Nargesian and Renée Miller	2019					ACM International Conference on Management of Data (SIGMOD)			10.1145/3299869.3300065	https://doi.org/10.1145/3299869.3300065
DBLP:journals/debu/MillerNZCPA18	article	Making Open Data Transparent: Data Discovery on Open Data	Renée Miller and Fatemeh Nargesian and Erkang Zhu and Christina Christodoulakis and Ken Q. Pu and Periklis Andritsos	2018	IEEE Data Engineering Bulletin	41	2	59--70					http://sites.computer.org/debull/A18june/p59.pdf
DBLP:journals/pvldb/NargesianZPM18	article	Table Union Search on Open Data	Fatemeh Nargesian and Erkang Zhu and Ken Q. Pu and Renée Miller	2018	Proceedings of the VLDB Endowment (PVLDB)	11	7	813--825				10.14778/3192965.3192973	http://www.vldb.org/pvldb/vol11/p813-nargesian.pdf
DBLP:journals/pvldb/Miller18	article	Open Data Integration	Renée Miller	2018	Proceedings of the VLDB Endowment (PVLDB)	11	12	2130--2139				10.14778/3229863.3240491	http://www.vldb.org/pvldb/vol11/p2130-miller.pdf
DBLP:conf/sebd/SantoroAGMMP18	inproceedings	Let's Make It Dirty With BART!	Donatello Santoro and Patricia C. Arocena and Boris Glavic and Giansalvatore Mecca and Renée Miller and Paolo Papotti	2018					Sistemi Evoluti per Basi di Dati (SEBD)				https://ceur-ws.org/Vol-2161/paper14.pdf
DBLP:reference/db/FuxmanM18	incollection	Schema Mapping	Ariel Fuxman and Renée Miller	2018					Encyclopedia of Database Systems	Springer		10.1007/978-1-4614-8265-9_964	https://doi.org/10.1007/978-1-4614-8265-9_964
DBLP:journals/corr/abs-1812-07024	article	Optimizing Organizations for Navigating Data Lakes	Fatemeh Nargesian and Ken Q. Pu and Erkang Zhu and Bahar Ghadiri Bashardoost and Renée Miller	2018	ArXiv	abs/1812.07024							http://arxiv.org/abs/1812.07024
DBLP:journals/pvldb/ZhuPNM17	article	Interactive Navigation of Open Data Linkages	Erkang Zhu and Ken Q. Pu and Fatemeh Nargesian and Renée Miller	2017	Proceedings of the VLDB Endowment (PVLDB)	10	12	1837--1840				10.14778/3137765.3137788	http://www.vldb.org/pvldb/vol10/p1837-zhu.pdf
DBLP:conf/cascon/LyonsSMB07	inproceedings	Second Annual Workshop on Data Driven Knowledge Mobilization	Kelly A. Lyons and Eleni Stroulia and Renée Miller and Kellogg S. Booth	2017					Conference of the Centre for Advanced Studies on Collaborative Research (CASCON)				http://dl.acm.org/citation.cfm?id=3172855
DBLP:conf/edbt/DuMGT17	inproceedings	DeepSea: Progressive Workload-Aware Partitioning of Materialized Views In Scalable Data Analytics	Jiang Du and Renée Miller and Boris Glavic and Wei Tan	2017					International Conference on Extending Database Technology (EDBT)			10.5441/002/EDBT.2017.19	https://doi.org/10.5441/002/edbt.2017.19
DBLP:conf/icde/KimmigMMG17	inproceedings	A Collective, Probabilistic Approach to Schema Mapping	Angelika Kimmig and Alex Memory and Renée Miller and Lise Getoor	2017					IEEE International Conference on Data Engineering (ICDE)			10.1109/ICDE.2017.140	https://doi.org/10.1109/ICDE.2017.140
DBLP:conf/iui/Christodoulakis17	inproceedings	VIQS: Visual Interactive Exploration of Query Semantics	Christina Christodoulakis and Eser Kandogan and Ignacio G. Terrizzano and Renée Miller	2017					International Conference on Intelligent User Interfaces (IUI)			10.1145/3038462.3038470	https://doi.org/10.1145/3038462.3038470
DBLP:conf/kdd/Miller17	inproceedings	The Future of Data Integration	Renée Miller	2017					ACM SIGKDD Conference on Knowledge Discovery and Data Mining (KDD)			10.1145/3097983.3105809	https://doi.org/10.1145/3097983.3105809
DBLP:journals/corr/KimmigMMG17	article	A Collective, Probabilistic Approach to Schema Mapping: Appendix	Angelika Kimmig and Alex Memory and Renée Miller and Lise Getoor	2017	ArXiv	abs/1702.03447							http://arxiv.org/abs/1702.03447
DBLP:journals/debu/ArocenaGMMPS16	article	Benchmarking Data Curation Systems	Patricia C. Arocena and Boris Glavic and Giansalvatore Mecca and Renée Miller and Paolo Papotti and Donatello Santoro	2016	IEEE Data Engineering Bulletin	39	2	47--62					http://sites.computer.org/debull/A16june/p47.pdf
DBLP:journals/pvldb/ZhuNPM16	article	LSH Ensemble: Internet-Scale Domain Search	Erkang Zhu and Fatemeh Nargesian and Ken Q. Pu and Renée Miller	2016	Proceedings of the VLDB Endowment (PVLDB)	9	12	1185--1196				10.14778/2994509.2994534	http://www.vldb.org/pvldb/vol9/p1185-zhu.pdf
DBLP:journals/tcci/ChiangAM16	article	Data Driven Discovery of Attribute Dictionaries	Fei Chiang and Periklis Andritsos and Renée Miller	2016	Transactions on Computational Collective Intelligence (TCCI)	21		69--96				10.1007/978-3-662-49521-6_4	https://doi.org/10.1007/978-3-662-49521-6_4
DBLP:conf/cascon/LyonsSLMO16	inproceedings	Data-Driven Knowledge Mobilization	Kelly A. Lyons and Eleni Stroulia and Dixin Luo and Renée Miller and Vio Onut	2016					Conference of the Centre for Advanced Studies on Collaborative Research (CASCON)				http://dl.acm.org/citation.cfm?id=3049908
DBLP:conf/sigmod/SantoroAGMMP16	inproceedings	BART in Action: Error Generation and Empirical Evaluations of Data-Cleaning Systems	Donatello Santoro and Patricia C. Arocena and Boris Glavic and Giansalvatore Mecca and Renée Miller and Paolo Papotti	2016					ACM International Conference on Management of Data (SIGMOD)			10.1145/2882903.2899397	https://doi.org/10.1145/2882903.2899397
DBLP:journals/corr/ZhuNPM16	article	LSH Ensemble: Internet Scale Domain Search	Erkang Zhu and Fatemeh Nargesian and Ken Q. Pu and Renée Miller	2016	ArXiv	abs/1603.07410							http://arxiv.org/abs/1603.07410
DBLP:journals/pvldb/ArocenaCGM15	article	Gain Control Over Your Integration Evaluations	Patricia C. Arocena and Radu Ciucanu and Boris Glavic and Renée Miller	2015	Proceedings of the VLDB Endowment (PVLDB)	8	12	1960--1963				10.14778/2824032.2824111	http://www.vldb.org/pvldb/vol8/p1960-Arocena.pdf
DBLP:journals/pvldb/ArocenaGMMPS15	article	Messing Up With BART: Error Generation for Evaluating Data-Cleaning Algorithms	Patricia C. Arocena and Boris Glavic and Giansalvatore Mecca and Renée Miller and Paolo Papotti and Donatello Santoro	2015	Proceedings of the VLDB Endowment (PVLDB)	9	2	36--47				10.14778/2850578.2850579	http://www.vldb.org/pvldb/vol9/p36-arocena.pdf
DBLP:journals/pvldb/ArocenaGCM15	article	The iBench Integration Metadata Generator	Patricia C. Arocena and Boris Glavic and Radu Ciucanu and Renée Miller	2015	Proceedings of the VLDB Endowment (PVLDB)	9	3	108--119				10.14778/2850583.2850586	http://www.vldb.org/pvldb/vol9/p108-arocena.pdf
DBLP:journals/pvldb/ProkoshynaSCMS15	article	Combining Quantitative and Logical Data Cleaning	Nataliya Prokoshyna and Jaroslaw Szlichta and Fei Chiang and Renée Miller and Divesh Srivastava	2015	Proceedings of the VLDB Endowment (PVLDB)	9	4	300--311				10.14778/2856318.2856325	http://www.vldb.org/pvldb/vol9/p300-prokoshyna.pdf
DBLP:conf/bigdataconf/KandoganRSHTCM15	inproceedings	LabBook: Metadata-Driven Social Collaborative Data Analysis	Eser Kandogan and Mary Roth and Peter M. Schwarz and Joshua Hui and Ignacio G. Terrizzano and Christina Christodoulakis and Renée Miller	2015					IEEE International Conference on Big Data (IEEE BigData)			10.1109/BIGDATA.2015.7363784	https://doi.org/10.1109/BigData.2015.7363784
DBLP:conf/semweb/HassanzadehM15	inproceedings	Automatic Curation of Clinical Trials Data in LinkedCT	Oktie Hassanzadeh and Renée Miller	2015					International Semantic Web Conference (ISWC)			10.1007/978-3-319-25010-6_16	https://doi.org/10.1007/978-3-319-25010-6_16
DBLP:conf/semweb/HassanzadehMNZ15	inproceedings	LinkedCT Live: Platform for Online Curation of Clinical Trials Data	Oktie Hassanzadeh and Renée Miller and Fatemeh Nargesian and Erkang Zhu	2015					International Semantic Web Conference (ISWC)				https://ceur-ws.org/Vol-1486/paper_114.pdf
DBLP:conf/www/BashardoostCYML15	inproceedings	VizCurator: A Visual Tool for Curating Open Data	Bahar Ghadiri Bashardoost and Christina Christodoulakis and Soheil Hassas Yeganeh and Renée Miller and Kelly A. Lyons and Oktie Hassanzadeh	2015					The Web Conference (WWW)			10.1145/2740908.2742845	https://doi.org/10.1145/2740908.2742845
DBLP:conf/comad/Miller14	inproceedings	Big Data Curation	Renée Miller	2014					Joint International Conference on Data Science & Management of Data (COMAD)				http://comad.in/comad2014/Proceedings/Keynote2.pdf
DBLP:conf/icde/VolkovsCSM14	inproceedings	Continuous Data Cleaning	Maksims Volkovs and Fei Chiang and Jaroslaw Szlichta and Renée Miller	2014					IEEE International Conference on Data Engineering (ICDE)			10.1109/ICDE.2014.6816655	https://doi.org/10.1109/ICDE.2014.6816655
DBLP:conf/icde/ChristodoulakisFM14	inproceedings	VoidWiz: Resolving Incompleteness Using Network Effects	Christina Christodoulakis and Christos Faloutsos and Renée Miller	2014					IEEE International Conference on Data Engineering (ICDE)			10.1109/ICDE.2014.6816748	https://doi.org/10.1109/ICDE.2014.6816748
DBLP:journals/pvldb/HassanzadehPYMPHH13	article	Discovering Linkage Points Over Web Data	Oktie Hassanzadeh and Ken Q. Pu and Soheil Hassas Yeganeh and Renée Miller and Lucian Popa and Mauricio A. Hernández and Howard Ho	2013	Proceedings of the VLDB Endowment (PVLDB)	6	6	444--456				10.14778/2536336.2536345	http://www.vldb.org/pvldb/vol6/p445-hassanzadeh.pdf
DBLP:journals/semweb/XinHFSM13	article	Publishing Bibliographic Data on the Semantic Web Using BibBase	Reynold S. Xin and Oktie Hassanzadeh and Christian Fritz and Shirin Sohrabi and Renée Miller	2013	Semantic Web	4	1	15--22				10.3233/SW-2012-0062	https://doi.org/10.3233/SW-2012-0062
DBLP:journals/vldb/DindarTMHB13	article	Modeling the Execution Semantics of Stream Processing Engines With Secret	Nihal Dindar and Nesime Tatbul and Renée Miller and Laura M. Haas and Irina Botan	2013	The VLDB Journal	22	4	421--446				10.1007/S00778-012-0297-3	https://doi.org/10.1007/s00778-012-0297-3
DBLP:conf/birthday/GlavicMA13	inproceedings	Using SQL for Efficient Generation and Querying of Provenance Information	Boris Glavic and Renée Miller and Gustavo Alonso	2013					Description Logic, Theory Combination, and All That - Essays Dedicated to Franz Baader			10.1007/978-3-642-41660-6_16	https://doi.org/10.1007/978-3-642-41660-6_16
DBLP:conf/sigmod/ArocenaGM13	inproceedings	Value Invention in Data Exchange	Patricia C. Arocena and Boris Glavic and Renée Miller	2013					ACM International Conference on Management of Data (SIGMOD)			10.1145/2463676.2465311	https://doi.org/10.1145/2463676.2465311
DBLP:conf/tapp/GlavicSAM13	inproceedings	Provenance for Data Mining	Boris Glavic and Javed Siddique and Periklis Andritsos and Renée Miller	2013					Workshop on the Theory and Practice of Provenance (TaPP)				https://www.usenix.org/conference/tapp13/technical-sessions/presentation/glavic
DBLP:conf/birte/ArocenaMM12	inproceedings	The Vivification Problem in Real-Time Business Intelligence: A Vision	Patricia C. Arocena and Renée Miller and John Mylopoulos	2012					Real-Time Business Intelligence and Analytics (BIRTE)			10.1007/978-3-642-39872-8_3	https://doi.org/10.1007/978-3-642-39872-8_3
DBLP:conf/icde/ChiangAZM12	inproceedings	AutoDict: Automated Dictionary Discovery	Fei Chiang and Periklis Andritsos and Erkang Zhu and Renée Miller	2012					IEEE International Conference on Data Engineering (ICDE)			10.1109/ICDE.2012.126	https://doi.org/10.1109/ICDE.2012.126
DBLP:conf/iconference/ChiangM12	inproceedings	Automated Dictionary Discovery for the Online Marketplace	Fei Chiang and Renée Miller	2012					iConference			10.1145/2132176.2132233	https://doi.org/10.1145/2132176.2132233
DBLP:books/sp/12/HassanzadehKLMW12	incollection	Semantic Link Discovery Over Relational Data	Oktie Hassanzadeh and Anastasios Kementsietsidis and Lipyeow Lim and Renée Miller and Min Wang	2012					Semantic Search over the Web	Springer		10.1007/978-3-642-25008-8_8	https://doi.org/10.1007/978-3-642-25008-8_8
DBLP:journals/pvldb/GlavicDMAH11	article	Debugging Data Exchange With Vagabond	Boris Glavic and Jiang Du and Renée Miller and Gustavo Alonso and Laura M. Haas	2011	Proceedings of the VLDB Endowment (PVLDB)	4	12	1383--1386					http://www.vldb.org/pvldb/vol4/p1383-glavic.pdf
DBLP:conf/icde/ChiangM11	inproceedings	A Unified Model for Data and Constraint Repair	Fei Chiang and Renée Miller	2011					IEEE International Conference on Data Engineering (ICDE)			10.1109/ICDE.2011.5767833	https://doi.org/10.1109/ICDE.2011.5767833
DBLP:conf/iq/ChiangM11	inproceedings	Active Repair of Data Quality Rules	Fei Chiang and Renée Miller	2011					International Conference on Information Quality (ICIQ)				
DBLP:conf/tapp/GlavicM11	inproceedings	Reexamining Some Holy Grails of Data Provenance	Boris Glavic and Renée Miller	2011					Workshop on the Theory and Practice of Provenance (TaPP)				https://www.usenix.org/conference/tapp11/reexamining-some-holy-grails-data-provenance
DBLP:conf/webdb/HassanzadehYM11	inproceedings	Linking Semistructured Data on the Web	Oktie Hassanzadeh and Soheil Hassas Yeganeh and Renée Miller	2011					International Workshop on the Web and Databases (WebDB)				http://webdb2011.rutgers.edu/papers/Paper%2027/paper27-camera-ready.pdf
DBLP:journals/pvldb/BotanDDHMT10	article	SECRET: A Model for Analysis of the Execution Semantics of Stream Processing Systems	Irina Botan and Roozbeh Derakhshan and Nihal Dindar and Laura M. Haas and Renée Miller and Nesime Tatbul	2010	Proceedings of the VLDB Endowment (PVLDB)	3	1	232--243				10.14778/1920841.1920874	http://www.vldb.org/pvldb/vldb2010/pvldb_vol3/R20.pdf
DBLP:journals/pvldb/GlavicAMH10	article	TRAMP: Understanding the Behavior of Schema Mappings Through Provenance	Boris Glavic and Gustavo Alonso and Renée Miller and Laura M. Haas	2010	Proceedings of the VLDB Endowment (PVLDB)	3	1	1314--1325				10.14778/1920841.1921003	http://www.vldb.org/pvldb/vldb2010/pvldb_vol3/R116.pdf
DBLP:journals/pvldb/HentschelHM10	article	Just-in-Time Data Integration in Action	Martin Hentschel and Laura M. Haas and Renée Miller	2010	Proceedings of the VLDB Endowment (PVLDB)	3	2	1621--1624				10.14778/1920841.1921055	http://www.vldb.org/pvldb/vldb2010/pvldb_vol3/D27.pdf
DBLP:journals/tweb/ConsensMRV10	article	Exploring XML Web Collections With DescribeX	Mariano P. Consens and Renée Miller and Flavio Rizzolo and Alejandro A. Vaisman	2010	ACM Transactions on the Web	4	3	11:1--11:46				10.1145/1806916.1806920	https://doi.org/10.1145/1806916.1806920
DBLP:conf/amw/Miller10	inproceedings	Information Integration: A Vision for Integration Independence And Linking Open Data	Renée Miller	2010					Alberto Mendelzon International Workshop on Foundations of Data Management (AMW)				https://ceur-ws.org/Vol-619/tutorial2.pdf
DBLP:conf/cikm/PuHDM10	inproceedings	Online Annotation of Text Streams With Structured Entities	Ken Q. Pu and Oktie Hassanzadeh and Richard Drake and Renée Miller	2010					International Conference on Information and Knowledge Management (CIKM)			10.1145/1871437.1871446	https://doi.org/10.1145/1871437.1871446
DBLP:conf/edbt/FischerEM10	inproceedings	Stream Schema: Providing and Exploiting Static Metadata for Data Stream Processing	Peter M. Fischer and Kyumars Sheykh Esmaili and Renée Miller	2010					International Conference on Extending Database Technology (EDBT)			10.1145/1739041.1739068	https://doi.org/10.1145/1739041.1739068
DBLP:conf/i-semantics/HassanzadehXFYDZM10	inproceedings	BibBase Triplified	Oktie Hassanzadeh and Reynold Xin and Christian Fritz and Yang Yang and Jiang Du and Minghua Zhao and Renée Miller	2010					International Conference on Semantic Systems (SEMANTiCS)			10.1145/1839707.1839758	https://doi.org/10.1145/1839707.1839758
DBLP:conf/icde/HaasMKH10	inproceedings	A First Step Towards Integration Independence	Laura M. Haas and Renée Miller and Donald Kossmann and Martin Hentschel	2010					IEEE International Conference on Data Engineering (ICDE)			10.1109/ICDEW.2010.5452753	https://doi.org/10.1109/ICDEW.2010.5452753
DBLP:conf/icdt/ArocenaFM10	inproceedings	Composing Local-as-View Mappings: Closure and Applications	Patricia C. Arocena and Ariel Fuxman and Renée Miller	2010					International Conference on Database Theory (ICDT)			10.1145/1804669.1804696	https://doi.org/10.1145/1804669.1804696
DBLP:conf/semweb/XinHFSYZM10	inproceedings	Publishing Bibliographic Data on the Semantic Web Using BibBase	Reynold Xin and Oktie Hassanzadeh and Christian Fritz and Shirin Sohrabi and Yang Yang and Minghua Zhao and Renée Miller	2010					International Semantic Web Conference (ISWC)				https://ceur-ws.org/Vol-658/paper457.pdf
DBLP:journals/pvldb/HassanzadehCML09	article	Framework for Evaluating Clustering Algorithms in Duplicate Detection	Oktie Hassanzadeh and Fei Chiang and Renée Miller and Hyun Chul Lee	2009	Proceedings of the VLDB Endowment (PVLDB)	2	1	1282--1293				10.14778/1687627.1687771	http://www.vldb.org/pvldb/vol2/vldb09-1025.pdf
DBLP:journals/pvldb/HassanzadehXMKLW09	article	Linkage Query Writer	Oktie Hassanzadeh and Reynold Xin and Renée Miller and Anastasios Kementsietsidis and Lipyeow Lim and Min Wang	2009	Proceedings of the VLDB Endowment (PVLDB)	2	2	1590--1593				10.14778/1687553.1687599	http://www.vldb.org/pvldb/vol2/vldb09-1006.pdf
DBLP:journals/vldb/HassanzadehM09	article	Creating Probabilistic Databases From Duplicated Data	Oktie Hassanzadeh and Renée Miller	2009	The VLDB Journal	18	5	1141--1166				10.1007/S00778-009-0161-2	https://doi.org/10.1007/s00778-009-0161-2
DBLP:conf/birthday/FaginHHMPV09	inproceedings	Clio: Schema Mapping Creation and Data Exchange	Ronald Fagin and Laura M. Haas and Mauricio A. Hernández and Renée Miller and Lucian Popa and Yannis Velegrakis	2009					Description Logic, Theory Combination, and All That - Essays Dedicated to Franz Baader			10.1007/978-3-642-02463-4_12	https://doi.org/10.1007/978-3-642-02463-4_12
DBLP:conf/cikm/HassanzadehKLMW09	inproceedings	A Framework for Semantic Link Discovery Over Relational Data	Oktie Hassanzadeh and Anastasios Kementsietsidis and Lipyeow Lim and Renée Miller and Min Wang	2009					International Conference on Information and Knowledge Management (CIKM)			10.1145/1645953.1646084	https://doi.org/10.1145/1645953.1646084
DBLP:conf/cikm/DuchateauCBM09	inproceedings	(Not) Yet Another Matcher	Fabien Duchateau and Remi Coletta and Zohra Bellahsene and Renée Miller	2009					International Conference on Information and Knowledge Management (CIKM)			10.1145/1645953.1646165	https://doi.org/10.1145/1645953.1646165
DBLP:conf/cikm/DuchateauCBM09a	inproceedings	YAM: A Schema Matcher Factory	Fabien Duchateau and Remi Coletta and Zohra Bellahsene and Renée Miller	2009					International Conference on Information and Knowledge Management (CIKM)			10.1145/1645953.1646311	https://doi.org/10.1145/1645953.1646311
DBLP:conf/er/HaasHKM09	inproceedings	Schema AND Data: A Holistic Approach to Mapping, Resolution And Fusion in Information Integration	Laura M. Haas and Martin Hentschel and Donald Kossmann and Renée Miller	2009					International Conference on Conceptual Modeling (ER)			10.1007/978-3-642-04840-1_5	https://doi.org/10.1007/978-3-642-04840-1_5
DBLP:reference/db/FuxmanM09	incollection	Schema Mapping	Ariel Fuxman and Renée Miller	2009					Encyclopedia of Database Systems	Springer		10.1007/978-0-387-39940-9_964	https://doi.org/10.1007/978-0-387-39940-9_964
DBLP:journals/corr/abs-0908-0567	article	LinkedCT: A Linked Data Space for Clinical Trials	Oktie Hassanzadeh and Anastasios Kementsietsidis and Lipyeow Lim and Renée Miller and Min Wang	2009	ArXiv	abs/0908.0567							http://arxiv.org/abs/0908.0567
DBLP:journals/pvldb/ChiangM08	article	Discovering Data Quality Rules	Fei Chiang and Renée Miller	2008	Proceedings of the VLDB Endowment (PVLDB)	1	1	1166--1177				10.14778/1453856.1453980	http://www.vldb.org/pvldb/vol1/1453980.pdf
DBLP:journals/vldb/CatarciM08	article	Guest Editorial: Special Issue on Metadata Management	Tiziana Catarci and Renée Miller	2008	The VLDB Journal	17	6	1345--1346				10.1007/S00778-008-0112-3	https://doi.org/10.1007/s00778-008-0112-3
DBLP:conf/icde/AlexeCMT08	inproceedings	Muse: Mapping Understanding and deSign by Example	Bogdan Alexe and Laura Chiticariu and Renée Miller and Wang Chiew Tan	2008					IEEE International Conference on Data Engineering (ICDE)			10.1109/ICDE.2008.4497409	https://doi.org/10.1109/ICDE.2008.4497409
DBLP:conf/sigmod/AlexeCMPT08	inproceedings	Muse: A System for Understanding and Designing Mappings	Bogdan Alexe and Laura Chiticariu and Renée Miller and Daniel Pepper and Wang Chiew Tan	2008					ACM International Conference on Management of Data (SIGMOD)			10.1145/1376616.1376755	https://doi.org/10.1145/1376616.1376755
DBLP:journals/jcss/FuxmanM07	article	First-Order Query Rewriting for Inconsistent Databases	Ariel Fuxman and Renée Miller	2007	Journal of Computer and System Sciences (JCSS)	73	4	610--635				10.1016/J.JCSS.2006.10.013	https://doi.org/10.1016/j.jcss.2006.10.013
DBLP:conf/dlog/Miller07	inproceedings	Retrospective on Clio: Schema Mapping and Data Exchange in Practice	Renée Miller	2007					International Workshop on Description Logics (DL)				https://ceur-ws.org/Vol-250/invited_1.pdf
DBLP:conf/icde/AnBMM07	inproceedings	A Semantic Approach to Discovering Schema Mapping Expressions	Yuan An and Alexander Borgida and Renée Miller and John Mylopoulos	2007					IEEE International Conference on Data Engineering (ICDE)			10.1109/ICDE.2007.367866	https://doi.org/10.1109/ICDE.2007.367866
DBLP:conf/icde/HernandezHPFMFP07	inproceedings	Creating Nested Mappings With Clio	Mauricio A. Hernández and Howard Ho and Lucian Popa and Ariel Fuxman and Renée Miller and Takeshi Fukuda and Paolo Papotti	2007					IEEE International Conference on Data Engineering (ICDE)			10.1109/ICDE.2007.369046	https://doi.org/10.1109/ICDE.2007.369046
DBLP:conf/iqis/Miller07	inproceedings	Management of Inconsistent and Uncertain Data	Renée Miller	2007					International Workshop on Quality in Databases (QDB)				
DBLP:conf/iqis/HassanzadehSM07	inproceedings	Accuracy of Approximate String Joins Using Grams	Oktie Hassanzadeh and Mohammad Sadoghi and Renée Miller	2007					International Workshop on Quality in Databases (QDB)				
DBLP:conf/sigmod/UdreaGM07	inproceedings	Leveraging Data and Structure in Ontology Integration	Octavian Udrea and Lise Getoor and Renée Miller	2007					ACM International Conference on Management of Data (SIGMOD)			10.1145/1247480.1247531	https://doi.org/10.1145/1247480.1247531
DBLP:conf/webi/LeeLM07	inproceedings	Geographically-Sensitive Link Analysis	Hyun Chul Lee and Haifeng Liu and Renée Miller	2007					IEEE/WIC/ACM International Conference on Web Intelligence (WI)			10.1109/WI.2007.112	https://doi.org/10.1109/WI.2007.112
DBLP:journals/tods/FuxmanKMT06	article	Peer Data Exchange	Ariel Fuxman and Phokion G. Kolaitis and Renée Miller and Wang Chiew Tan	2006	ACM Transactions on Database Systems (TODS)	31	4	1454--1498				10.1145/1189769.1189778	https://doi.org/10.1145/1189769.1189778
DBLP:conf/edbt/KanzaMMZ06	inproceedings	Authorization-Transparent Access Control for XML Under the Non-Truman Model	Yaron Kanza and Alberto O. Mendelzon and Renée Miller and Zheng Zhang	2006					International Conference on Extending Database Technology (EDBT)			10.1007/11687238_16	https://doi.org/10.1007/11687238_16
DBLP:conf/icde/AndritsosFM06	inproceedings	Clean Answers Over Dirty Databases: A Probabilistic Approach	Periklis Andritsos and Ariel Fuxman and Renée Miller	2006					IEEE International Conference on Data Engineering (ICDE)			10.1109/ICDE.2006.35	https://doi.org/10.1109/ICDE.2006.35
DBLP:conf/vldb/FuxmanHHMPP06	inproceedings	Nested Mappings: Schema Mapping Reloaded	Ariel Fuxman and Mauricio A. Hernández and C. T. Howard Ho and Renée Miller and Paolo Papotti and Lucian Popa	2006					Very Large Data Bases Conference (VLDB)				http://dl.acm.org/citation.cfm?id=1164135
DBLP:journals/sigmod/Miller05	article	In Memoriam Alberto Oscar Mendelzon	Renée Miller	2005	SIGMOD Record	34	4	7--12				10.1145/1107499.1107509	https://doi.org/10.1145/1107499.1107509
DBLP:journals/tcs/FaginKMP05	article	Data Exchange: Semantics and Query Answering	Ronald Fagin and Phokion G. Kolaitis and Renée Miller and Lucian Popa	2005	Theoretical Computer Science	336	1	89--124				10.1016/J.TCS.2004.10.033	https://doi.org/10.1016/j.tcs.2004.10.033
DBLP:conf/icde/VelegrakisMM05	inproceedings	Representing and Querying Data Transformations	Yannis Velegrakis and Renée Miller and John Mylopoulos	2005					IEEE International Conference on Data Engineering (ICDE)			10.1109/ICDE.2005.123	https://doi.org/10.1109/ICDE.2005.123
DBLP:conf/icdt/FuxmanM05	inproceedings	First-Order Query Rewriting for Inconsistent Databases	Ariel Fuxman and Renée Miller	2005					International Conference on Database Theory (ICDT)			10.1007/978-3-540-30570-5_23	https://doi.org/10.1007/978-3-540-30570-5_23
DBLP:conf/pods/FuxmanKMT05	inproceedings	Peer Data Exchange	Ariel Fuxman and Phokion G. Kolaitis and Renée Miller and Wang Chiew Tan	2005					ACM Symposium on Principles of Database Systems (PODS)			10.1145/1065167.1065188	https://doi.org/10.1145/1065167.1065188
DBLP:conf/sigmod/FuxmanFM05	inproceedings	ConQuer: Efficient Management of Inconsistent Databases	Ariel Fuxman and Elham Fazli and Renée Miller	2005					ACM International Conference on Management of Data (SIGMOD)			10.1145/1066157.1066176	https://doi.org/10.1145/1066157.1066176
DBLP:conf/vldb/Rodriguez-GianolliGJKKMMM05	inproceedings	Data Sharing in the Hyperion Peer Database System	Patricia Rodríguez-Gianolli and Maddalena Garzetti and Lei Jiang and Anastasios Kementsietsidis and Iluju Kiringa and Mehedi Masud and Renée Miller and John Mylopoulos	2005					Very Large Data Bases Conference (VLDB)				http://www.vldb.org/conf/2005/papers/p1291-rodriguez-gianolli.pdf
DBLP:conf/vldb/FuxmanFM05	inproceedings	ConQuer: A System for Efficient Querying Over Inconsistent Databases	Ariel Fuxman and Diego Fuxman and Renée Miller	2005					Very Large Data Bases Conference (VLDB)				http://www.vldb.org/conf/2005/papers/p1354-fuxman.pdf
DBLP:journals/sigmod/AndritsosFKMV04	article	Kanata: Adaptation and Evolution in Data Sharing Systems	Periklis Andritsos and Ariel Fuxman and Anastasios Kementsietsidis and Renée Miller and Yannis Velegrakis	2004	SIGMOD Record	33	4	32--37				10.1145/1041410.1041416	https://doi.org/10.1145/1041410.1041416
DBLP:journals/vldb/VelegrakisMP04	article	Preserving Mapping Consistency Under Schema Changes	Yannis Velegrakis and Renée Miller and Lucian Popa	2004	The VLDB Journal	13	3	274--293				10.1007/S00778-004-0136-2	https://doi.org/10.1007/s00778-004-0136-2
DBLP:conf/edbt/AndritsosTMS04	inproceedings	LIMBO: Scalable Clustering of Categorical Data	Periklis Andritsos and Panayiotis Tsaparas and Renée Miller and Kenneth C. Sevcik	2004					International Conference on Extending Database Technology (EDBT)			10.1007/978-3-540-24741-8_9	https://doi.org/10.1007/978-3-540-24741-8_9
DBLP:conf/icde/VelegrakisMPM04	inproceedings	ToMAS: A System for Adapting Mappings While Schemas Evolve	Yannis Velegrakis and Renée Miller and Lucian Popa and John Mylopoulos	2004					IEEE International Conference on Data Engineering (ICDE)			10.1109/ICDE.2004.1320090	https://doi.org/10.1109/ICDE.2004.1320090
DBLP:conf/sigmod/AndritsosMT04	inproceedings	Information-Theoretic Tools for Mining Database Structure From Large Data Sets	Periklis Andritsos and Renée Miller and Panayiotis Tsaparas	2004					ACM International Conference on Management of Data (SIGMOD)			10.1145/1007568.1007650	https://doi.org/10.1145/1007568.1007650
DBLP:journals/debu/Miller03	article	Letter From the Special Issue Editor	Renée Miller	2003	IEEE Data Engineering Bulletin	26	3	2					http://sites.computer.org/debull/A03sept/miller.ps
DBLP:journals/debu/MillerA03	article	Schema Discovery	Renée Miller and Periklis Andritsos	2003	IEEE Data Engineering Bulletin	26	3	40--45					http://sites.computer.org/debull/A03sept/toronto.ps
DBLP:journals/sigmod/ArenasKKKMM03	article	The Hyperion Project: From Data Integration to Data Coordination	Marcelo Arenas and Vasiliki Kantere and Anastasios Kementsietsidis and Iluju Kiringa and Renée Miller and John Mylopoulos	2003	SIGMOD Record	32	3	53--58				10.1145/945721.945733	https://doi.org/10.1145/945721.945733
DBLP:journals/tcs/EdmondsGLM03	article	Mining for Empty Spaces in Large Data Sets	Jeff Edmonds and Jarek Gryz and Dongming Liang and Renée Miller	2003	Theoretical Computer Science	296	3	435--452				10.1016/S0304-3975(02)00738-7	https://doi.org/10.1016/S0304-3975(02)00738-7
DBLP:conf/icde/KementsietsidisAM03	inproceedings	Managing Data Mappings in the Hyperion Project	Anastasios Kementsietsidis and Marcelo Arenas and Renée Miller	2003					IEEE International Conference on Data Engineering (ICDE)			10.1109/ICDE.2003.1260851	https://doi.org/10.1109/ICDE.2003.1260851
DBLP:conf/icdt/FaginKMP03	inproceedings	Data Exchange: Semantics and Query Answering	Ronald Fagin and Phokion G. Kolaitis and Renée Miller and Lucian Popa	2003					International Conference on Database Theory (ICDT)			10.1007/3-540-36285-1_14	https://doi.org/10.1007/3-540-36285-1_14
DBLP:conf/ijcai/FuxmanM03	inproceedings	Towards Inconsistency Management in Data Integration Systems	Ariel Fuxman and Renée Miller	2003					International Joint Conference on Artificial Intelligence (IJCAI)				http://www.isi.edu/info-agents/workshops/ijcai03/papers/fuxman-ijcai3.pdf
DBLP:conf/ijcai/AndritsosM03	inproceedings	Using Categorical Clustering in Schema Discovery	Periklis Andritsos and Renée Miller	2003					International Joint Conference on Artificial Intelligence (IJCAI)				http://www.isi.edu/info-agents/workshops/ijcai03/papers/Miller-ijcai03.pdf
DBLP:conf/sigmod/KementsietsidisAM03	inproceedings	Mapping Data in Peer-to-Peer Systems: Semantics and Algorithmic Issues	Anastasios Kementsietsidis and Marcelo Arenas and Renée Miller	2003					ACM International Conference on Management of Data (SIGMOD)			10.1145/872757.872798	https://doi.org/10.1145/872757.872798
DBLP:conf/vldb/VelegrakisMP03	inproceedings	Mapping Adaptation Under Evolving Schemas	Yannis Velegrakis and Renée Miller and Lucian Popa	2003					Very Large Data Bases Conference (VLDB)			10.1016/B978-012722442-8/50058-6	http://www.vldb.org/conf/2003/papers/S18P02.pdf
DBLP:journals/debu/Miller02	article	Letter From the Special Issue Editor	Renée Miller	2002	IEEE Data Engineering Bulletin	25	3	2					http://sites.computer.org/debull/A02SEP-CD.pdf
DBLP:journals/debu/AndritsosFFHHHKMNPVVY02	article	Schema Management	Periklis Andritsos and Ronald Fagin and Ariel Fuxman and Laura M. Haas and Mauricio A. Hernández and C. T. Howard Ho and Anastasios Kementsietsidis and Renée Miller and Felix Naumann and Lucian Popa and Yannis Velegrakis and Charlotte Vilarem and Ling-Ling Yan	2002	IEEE Data Engineering Bulletin	25	3	32--38					http://sites.computer.org/debull/A02SEP-CD.pdf
DBLP:journals/sigmod/RossKMV02	article	Reminiscences on Influential Papers	Kenneth A. Ross and Flip Korn and Renée Miller and Kaladhar Voruganti	2002	SIGMOD Record	31	1	107--108				10.1145/507338.507364	https://doi.org/10.1145/507338.507364
DBLP:conf/icde/PopivanovM02	inproceedings	Similarity Search Over Time-Series Data Using Wavelets	Ivan Popivanov and Renée Miller	2002					IEEE International Conference on Data Engineering (ICDE)			10.1109/ICDE.2002.994711	https://doi.org/10.1109/ICDE.2002.994711
DBLP:conf/icde/HernandezPVMNH02	inproceedings	Mapping XML and Relational Schemas With Clio	Mauricio A. Hernández and Lucian Popa and Yannis Velegrakis and Renée Miller and Felix Naumann and Ching-Tien Ho	2002					IEEE International Conference on Data Engineering (ICDE)			10.1109/ICDE.2002.994768	https://doi.org/10.1109/ICDE.2002.994768
DBLP:conf/vldb/PopaVMHF02	inproceedings	Translating Web Data	Lucian Popa and Yannis Velegrakis and Renée Miller and Mauricio A. Hernández and Ronald Fagin	2002					Very Large Data Bases Conference (VLDB)			10.1016/B978-155860869-6/50059-7	http://www.vldb.org/conf/2002/S17P02.pdf
DBLP:journals/sigmod/MillerHHYHFP01	article	The Clio Project: Managing Heterogeneity	Renée Miller and Mauricio A. Hernández and Laura M. Haas and Ling-Ling Yan and C. T. Howard Ho and Ronald Fagin and Lucian Popa	2001	SIGMOD Record	30	1	78--83				10.1145/373626.373713	https://doi.org/10.1145/373626.373713
DBLP:conf/icdt/EdmondsGLM01	inproceedings	Mining for Empty Rectangles in Large Data Sets	Jeff Edmonds and Jarek Gryz and Dongming Liang and Renée Miller	2001					International Conference on Database Theory (ICDT)			10.1007/3-540-44503-X_12	https://doi.org/10.1007/3-540-44503-X_12
DBLP:conf/iwpc/AndritsosM01	inproceedings	Reverse Engineering Meets Data Analysis	Periklis Andritsos and Renée Miller	2001					IEEE International Conference on Program Comprehension (ICPC)			10.1109/WPC.2001.921727	https://doi.org/10.1109/WPC.2001.921727
DBLP:conf/sigmod/YanMHF01	inproceedings	Data-Driven Understanding and Refinement of Schema Mappings	Ling-Ling Yan and Renée Miller and Laura M. Haas and Ronald Fagin	2001					ACM International Conference on Management of Data (SIGMOD)			10.1145/375663.375729	https://doi.org/10.1145/375663.375729
DBLP:conf/sigmod/HernandezMHYHT01	inproceedings	Clio: A Semi-Automatic Tool for Schema Mapping	Mauricio A. Hernández and Renée Miller and Laura M. Haas	2001					ACM International Conference on Management of Data (SIGMOD)			10.1145/375663.375767	https://doi.org/10.1145/375663.375767
DBLP:conf/dmkd/JermaineM00	inproceedings	Approximate Query Answering in High-Dimensional Data Cubes	Chris Jermaine and Renée Miller	2000					Workshop on Research Issues on Data Mining and Knowledge Discovery (DMKD)				
DBLP:conf/vldb/MillerHH00	inproceedings	Schema Mapping as Query Discovery	Renée Miller and Laura M. Haas and Mauricio A. Hernández	2000					Very Large Data Bases Conference (VLDB)				http://www.vldb.org/conf/2000/P077.pdf
DBLP:journals/debu/HaasMNRSW99	article	Transforming Heterogeneous Data With Database Middleware: Beyond Integration	Laura M. Haas and Renée Miller and B. Niswonger and Mary Tork Roth and Peter M. Schwarz and Edward L. Wimmers	1999	IEEE Data Engineering Bulletin	22	1	31--36					http://sites.computer.org/debull/99mar/ibm.ps
DBLP:journals/ijseke/MillerG99	article	Mining for Program Structure	Renée Miller and Ashish Gujarathi	1999	International Journal of Software Engineering and Knowledge Engineering (IJSEKE)	9	5	499--517				10.1142/S0218194099000280	https://doi.org/10.1142/S0218194099000280
DBLP:journals/comcom/WuML98	article	Querying Multimedia Presentations	Chao-Hui Wu and Renée Miller and Ming T. Liu	1998	Computer Communications	21	14	1212--1225				10.1016/S0140-3664(98)00184-4	https://doi.org/10.1016/S0140-3664(98)00184-4
DBLP:conf/sigmod/Miller98	inproceedings	Using Schematically Heterogeneous Structures	Renée Miller	1998					ACM International Conference on Management of Data (SIGMOD)			10.1145/276304.276322	https://doi.org/10.1145/276304.276322
DBLP:journals/ieeemm/MillerTW97	article	DataWeb: Customizable Database Publishing for the Web	Renée Miller and Odysseas G. Tsatalos and John H. Williams	1997	IEEE MultiMedia	4	4	14--21				10.1109/93.641875	https://doi.org/10.1109/93.641875
DBLP:conf/sigmod/YangM97	inproceedings	Association Rules Over Interval Data	Renée Miller and Yuping Yang	1997					ACM International Conference on Management of Data (SIGMOD)			10.1145/253260.253361	https://doi.org/10.1145/253260.253361
DBLP:conf/md/HeilerMV96	inproceedings	Using Metadata to Address Problems of Semantic Interoperability In Large Object Systems	Sandra Heiler and Renée Miller and Vincent Ventrone	1996					IEEE Metadata Conference (MD)				http://www.computer.org/conferen/meta96/rmiller/paper.html
DBLP:journals/is/MillerIR94	article	Schema Equivalence in Heterogeneous Systems: Bridging Theory and Practice	Renée Miller and Yannis E. Ioannidis and Raghu Ramakrishnan	1994	Information Systems	19	1	3--31				10.1016/0306-4379(94)90024-8	https://doi.org/10.1016/0306-4379(94)90024-8
DBLP:conf/edbt/MillerIR94	inproceedings	Schema Equivalence in Heterogeneous Systems: Bridging Theory and Practice (Extended Abstract)	Renée Miller and Yannis E. Ioannidis and Raghu Ramakrishnan	1994					International Conference on Extending Database Technology (EDBT)			10.1007/3-540-57818-8_42	https://doi.org/10.1007/3-540-57818-8_42
DBLP:journals/debu/IoannidisLHMTW93	article	Desktop Experiment Management	Yannis E. Ioannidis and Miron Livny and Eben M. Haber and Renée Miller and Odysseas G. Tsatalos and Janet L. Wiener	1993	IEEE Data Engineering Bulletin	16	1	19--23					http://sites.computer.org/debull/93MAR-CD.pdf
DBLP:conf/ride/MillerIR93	inproceedings	Understanding Schemas	Renée Miller and Yannis E. Ioannidis and Raghu Ramakrishnan	1993					International Workshop on Research Issues in Data Engineering (RIDE)			10.1109/RIDE.1993.281928	https://doi.org/10.1109/RIDE.1993.281928
DBLP:conf/vldb/MillerIR93	inproceedings	The Use of Information Capacity in Schema Integration and Translation	Renée Miller and Yannis E. Ioannidis and Raghu Ramakrishnan	1993					Very Large Data Bases Conference (VLDB)				http://www.vldb.org/conf/1993/P120.PDF
